prob	sat	deduped_reads	total_reads
0.1	0.330796376605793	60884588	90980661
0.2	0.503511759650105	90348877	181975865
0.3	0.607305779924937	107198313	272981642
0.4	0.675647008883985	118048480	363950644
0.5	0.723801301523038	125658655	454957448
0.6	0.759407011940446	131352281	545952241
0.7	0.786786788743397	135804362	636941591
0.8	0.808471940406991	139421788	727944450
0.9	0.826065541633495	142438814	818922342
1	0.840629483645226	145015008	909923688
