prob	sat	deduped_reads	total_reads
0.1	0.0445099562347301	36272593	37962293
0.2	0.0775064751039545	70044628	75929669
0.3	0.104752146985658	101969495	113900854
0.4	0.128345454210879	132346941	151834166
0.5	0.149518891244798	161413109	189790352
0.6	0.168934612960867	189262951	227735331
0.7	0.186970099405143	216041376	265723777
0.8	0.203869729860203	241768889	303680061
0.9	0.219766900039538	266566165	341649393
1	0.234857127573676	290453761	379607223
